step,total_steps,loss,kl_mean,kl_only,ref_k3,entropy,avg_answer_len,n_rollouts,frac_capped,tokens_per_sec,eval_acc
1,240,0.051549,0.051549,0.051860,0.000000,0.310983,768.00,4,1.000,56.94,
2,240,0.062800,0.062800,0.063187,0.000311,0.402611,768.00,4,1.000,132.41,
3,240,0.052563,0.052563,0.053119,0.000289,0.569852,768.00,4,1.000,119.72,
4,240,0.056022,0.056022,0.056531,0.000294,0.524322,768.00,4,1.000,131.99,
5,240,0.071645,0.071645,0.072239,0.000455,0.616735,768.00,4,1.000,135.19,
6,240,0.047716,0.047716,0.048039,0.000246,0.336190,768.00,4,1.000,131.77,
7,240,0.044324,0.044324,0.044574,0.000200,0.259946,768.00,4,1.000,132.67,
8,240,0.072726,0.072726,0.073278,0.000353,0.569467,768.00,4,1.000,133.10,
9,240,0.061416,0.061416,0.061988,0.000396,0.591731,768.00,4,1.000,96.78,
10,240,0.062324,0.062324,0.062852,0.000378,0.546971,768.00,4,1.000,132.06,
11,240,0.062034,0.062034,0.062686,0.000315,0.667869,768.00,4,1.000,132.00,
12,240,0.050433,0.050433,0.050869,0.000455,0.458040,768.00,4,1.000,132.19,
13,240,0.080121,0.080121,0.080774,0.000425,0.674657,768.00,4,1.000,134.20,
14,240,0.053462,0.053462,0.053931,0.000316,0.484437,768.00,4,1.000,135.38,
15,240,0.077425,0.077425,0.078078,0.000447,0.675911,768.00,4,1.000,134.66,
16,240,0.061743,0.061743,0.062343,0.000370,0.618244,768.00,4,1.000,135.34,
17,240,0.055275,0.055275,0.055598,0.000258,0.336060,768.00,4,1.000,135.21,
18,240,0.060778,0.060778,0.061256,0.000379,0.496415,768.00,4,1.000,136.80,
19,240,0.068080,0.068080,0.068702,0.000420,0.643335,768.00,4,1.000,136.99,
20,240,0.072136,0.072136,0.072800,0.000482,0.688374,768.00,4,1.000,134.93,
21,240,0.064410,0.064410,0.064936,0.000450,0.549156,768.00,4,1.000,138.64,
22,240,0.048750,0.048750,0.049109,0.000329,0.375290,768.00,4,1.000,136.40,
23,240,0.045730,0.045730,0.046004,0.000254,0.286006,768.00,4,1.000,137.54,
24,240,0.056619,0.056619,0.056953,0.000360,0.351434,768.00,4,1.000,135.75,
25,240,0.092292,0.092292,0.092677,0.000327,0.400455,768.00,4,1.000,135.40,
26,240,0.042772,0.042772,0.043167,0.000443,0.416493,768.00,4,1.000,138.17,
27,240,0.072583,0.072583,0.073198,0.000559,0.643547,768.00,4,1.000,137.76,
28,240,0.054178,0.054178,0.054598,0.000465,0.443643,768.00,4,1.000,137.25,
29,240,0.035667,0.035667,0.035901,0.000407,0.254113,768.00,4,1.000,134.12,
30,240,0.067610,0.067610,0.068121,0.000743,0.548289,768.00,4,1.000,134.50,
31,240,0.047744,0.047744,0.048066,0.000338,0.338823,768.00,4,1.000,134.72,
32,240,0.063542,0.063542,0.063972,0.000548,0.457819,768.00,4,1.000,133.33,
33,240,0.061951,0.061951,0.062537,0.000565,0.613973,768.00,4,1.000,136.65,
34,240,0.045194,0.045194,0.045508,0.000438,0.335708,768.00,4,1.000,134.91,
35,240,0.066110,0.066110,0.066624,0.000636,0.545945,768.00,4,1.000,133.56,
36,240,0.060518,0.060518,0.060779,0.000448,0.284198,768.00,4,1.000,136.53,
37,240,0.068655,0.068655,0.069110,0.000565,0.483642,768.00,4,1.000,135.10,
38,240,0.057905,0.057905,0.058358,0.000731,0.489892,768.00,4,1.000,138.42,
39,240,0.071274,0.071274,0.071855,0.000797,0.621276,768.00,4,1.000,137.04,
40,240,0.022740,0.022740,0.022923,0.000300,0.197447,768.00,4,1.000,137.93,0.260000
41,240,0.061242,0.061242,0.061789,0.000729,0.583449,768.00,4,1.000,136.93,
42,240,0.075170,0.075170,0.075827,0.000943,0.704687,768.00,4,1.000,138.51,
43,240,0.058695,0.058695,0.059190,0.000570,0.523553,768.00,4,1.000,137.07,
44,240,0.063008,0.063008,0.063483,0.000954,0.522265,768.00,4,1.000,137.80,
45,240,0.070825,0.070825,0.071487,0.000959,0.709617,768.00,4,1.000,136.58,
46,240,0.056348,0.056348,0.056778,0.000610,0.460077,768.00,4,1.000,135.17,
47,240,0.055381,0.055381,0.055780,0.000866,0.442788,768.00,4,1.000,135.93,
48,240,0.046200,0.046200,0.046444,0.000720,0.280423,768.00,4,1.000,136.17,
49,240,0.053748,0.053748,0.053968,0.000520,0.245692,768.00,4,1.000,134.35,
50,240,0.072753,0.072753,0.073239,0.001192,0.545515,768.00,4,1.000,132.58,
51,240,0.070009,0.070009,0.070442,0.001020,0.483196,767.75,4,0.750,135.05,
52,240,0.038882,0.038882,0.039240,0.000768,0.396148,768.00,4,1.000,115.66,
53,240,0.054181,0.054181,0.054568,0.000776,0.425170,768.00,4,1.000,136.02,
54,240,0.052197,0.052197,0.052583,0.000724,0.422455,768.00,4,1.000,136.61,
55,240,0.055478,0.055478,0.055807,0.000932,0.374819,768.00,4,1.000,136.77,
56,240,0.075311,0.075311,0.075875,0.001340,0.631905,768.00,4,1.000,136.84,
57,240,0.059543,0.059543,0.059937,0.000697,0.428960,768.00,4,1.000,135.04,
58,240,0.056368,0.056368,0.056690,0.001000,0.371819,768.00,4,1.000,138.83,
59,240,0.074593,0.074593,0.075145,0.001569,0.631189,768.00,4,1.000,138.83,
60,240,0.056424,0.056424,0.056709,0.000670,0.318140,768.00,4,1.000,137.53,
61,240,0.052372,0.052372,0.052604,0.000884,0.275917,768.00,4,1.000,136.87,
62,240,0.057534,0.057534,0.057863,0.001170,0.388108,768.00,4,1.000,137.77,
63,240,0.029695,0.029695,0.029899,0.000508,0.229696,768.00,4,1.000,135.22,
64,240,0.076683,0.076683,0.077229,0.001297,0.609910,768.00,4,1.000,135.88,
65,240,0.060750,0.060750,0.061176,0.001563,0.503855,768.00,4,1.000,135.12,
66,240,0.034562,0.034562,0.034792,0.000646,0.262843,768.00,4,1.000,139.58,
67,240,0.031655,0.031655,0.031899,0.000817,0.284633,768.00,4,1.000,146.65,
68,240,0.038246,0.038246,0.038453,0.000790,0.246790,768.00,4,1.000,132.03,
69,240,0.057629,0.057629,0.058046,0.001809,0.506728,768.00,4,1.000,128.74,
70,240,0.048536,0.048536,0.048873,0.000970,0.386140,768.00,4,1.000,130.76,
71,240,0.042071,0.042071,0.042288,0.001289,0.281184,768.00,4,1.000,132.32,
72,240,0.069625,0.069625,0.070125,0.001464,0.572804,768.00,4,1.000,132.27,
73,240,0.044671,0.044671,0.045012,0.001163,0.399889,768.00,4,1.000,131.66,
74,240,0.055168,0.055168,0.055469,0.001766,0.389336,768.00,4,1.000,132.24,
75,240,0.036465,0.036465,0.036677,0.000776,0.251220,768.00,4,1.000,81.10,
76,240,0.060791,0.060791,0.061125,0.001623,0.415236,768.00,4,1.000,134.15,
77,240,0.043580,0.043580,0.043832,0.001156,0.310304,768.00,4,1.000,131.70,
78,240,0.074619,0.074619,0.075212,0.001769,0.682069,768.00,4,1.000,131.71,
79,240,0.059500,0.059500,0.059951,0.001330,0.517179,768.00,4,1.000,132.39,
80,240,0.049109,0.049109,0.049280,0.002504,0.296429,768.00,4,1.000,130.57,0.300000
81,240,0.042240,0.042240,0.042461,0.001214,0.282060,768.00,4,1.000,135.49,
82,240,0.049652,0.049652,0.049993,0.001533,0.417965,768.00,4,1.000,133.79,
83,240,0.056239,0.056239,0.056651,0.001375,0.480717,768.00,4,1.000,131.53,
84,240,0.053632,0.053632,0.053855,0.002755,0.360162,768.00,4,1.000,132.50,
85,240,0.037350,0.037350,0.037568,0.001266,0.281191,768.00,4,1.000,134.28,
86,240,0.056660,0.056660,0.056947,0.001831,0.378607,768.00,4,1.000,131.32,
87,240,0.063733,0.063733,0.064103,0.002839,0.511996,768.00,4,1.000,130.69,
88,240,0.060617,0.060617,0.060997,0.003119,0.535843,768.00,4,1.000,132.06,
89,240,0.066444,0.066444,0.066775,0.001801,0.421246,768.00,4,1.000,129.85,
90,240,0.053413,0.053413,0.053667,0.001179,0.312955,768.00,4,1.000,130.29,
91,240,0.052563,0.052563,0.052848,0.001461,0.357614,767.75,4,0.750,132.84,
92,240,0.060383,0.060383,0.060714,0.002404,0.451610,768.00,4,1.000,133.43,
93,240,0.044393,0.044393,0.044629,0.001872,0.329798,768.00,4,1.000,132.99,
94,240,0.074144,0.074144,0.074518,0.003637,0.555396,768.00,4,1.000,136.81,
95,240,0.067069,0.067069,0.067540,0.002367,0.589447,768.00,4,1.000,137.91,
96,240,0.054112,0.054112,0.054349,0.001856,0.329115,768.00,4,1.000,138.72,
97,240,0.055553,0.055553,0.055868,0.001623,0.395845,768.00,4,1.000,138.99,
98,240,0.057612,0.057612,0.057899,0.002442,0.409538,768.00,4,1.000,139.66,
99,240,0.069400,0.069400,0.069663,0.002926,0.408986,768.00,4,1.000,137.49,
100,240,0.056553,0.056553,0.056828,0.002800,0.414525,768.00,4,1.000,137.76,
101,240,0.053083,0.053083,0.053301,0.002048,0.320475,768.00,4,1.000,138.49,
102,240,0.051073,0.051073,0.051284,0.002633,0.342532,768.00,4,1.000,138.15,
103,240,0.063173,0.063173,0.063526,0.001955,0.450628,768.00,4,1.000,138.26,
104,240,0.073802,0.073802,0.074281,0.003153,0.636431,768.00,4,1.000,136.95,
105,240,0.070174,0.070174,0.070451,0.002589,0.406349,768.00,4,1.000,134.41,
106,240,0.063515,0.063515,0.063781,0.003028,0.417477,768.00,4,1.000,134.31,
107,240,0.053223,0.053223,0.053435,0.002468,0.335543,768.00,4,1.000,136.22,
108,240,0.060130,0.060130,0.060419,0.003216,0.450026,768.00,4,1.000,134.73,
109,240,0.052733,0.052733,0.052993,0.001969,0.358184,768.00,4,1.000,134.82,
110,240,0.056430,0.056430,0.056685,0.002237,0.366917,768.00,4,1.000,135.58,
111,240,0.051649,0.051649,0.051861,0.002858,0.355220,768.00,4,1.000,135.52,
112,240,0.053070,0.053070,0.053263,0.001980,0.291748,768.00,4,1.000,135.71,
113,240,0.046761,0.046761,0.046967,0.002309,0.321556,768.00,4,1.000,139.73,
114,240,0.050850,0.050850,0.051125,0.002969,0.423487,768.00,4,1.000,138.54,
115,240,0.063974,0.063974,0.064453,0.002327,0.596039,768.00,4,1.000,138.17,
116,240,0.050494,0.050494,0.050674,0.002886,0.324907,768.00,4,1.000,138.26,
117,240,0.056682,0.056682,0.056820,0.003065,0.291210,768.00,4,1.000,137.26,
118,240,0.048229,0.048229,0.048500,0.003004,0.420801,768.00,4,1.000,136.84,
119,240,0.052873,0.052873,0.053092,0.001493,0.293256,768.00,4,1.000,133.69,
120,240,0.052240,0.052240,0.052354,0.002758,0.252620,768.00,4,1.000,132.27,0.200000
121,240,0.052940,0.052940,0.053088,0.001460,0.221132,768.00,4,1.000,137.83,
122,240,0.057213,0.057213,0.057343,0.003646,0.312112,768.00,4,1.000,134.66,
123,240,0.054260,0.054260,0.054455,0.001352,0.263053,768.00,4,1.000,133.31,
124,240,0.055347,0.055347,0.055628,0.003313,0.446094,768.00,4,1.000,135.48,
